text,label
As,Travel
fun,Travel
and,Travel
meaningful,Travel
as,Travel
it,Travel
is,Travel
being,Travel
a,Travel
travel,Travel
blogger,Travel
is,Travel
no,Travel
easy,Travel
feat.,Travel
What,Travel
many,Travel
people,Travel
don,Travel
t,Travel
know,Travel
is,Travel
that,Travel
writing,Travel
travel,Travel
blog,Travel
posts,Travel
and,Travel
travelling,Travel
is,Travel
a,Travel
lot,Travel
of,Travel
work.,Travel
And,Travel
to,Travel
keep,Travel
up,Travel
in,Travel
the,Travel
competitive,Travel
travel,Travel
niche,Travel
you,Travel
have,Travel
to,Travel
create,Travel
engaging,Travel
travel,Travel
post,Travel
As,Travel
fun,Travel
and,Travel
meaningful,Travel
as,Travel
it,Travel
"is,",Travel
being,Travel
a,Travel
travel,Travel
blogger,Travel
is,Travel
no,Travel
easy,Travel
feat.,Travel
What,Travel
many,Travel
people,Travel
don,Travel
t,Travel
know,Travel
is,Travel
that,Travel
writing,Travel
travel,Travel
blog,Travel
posts,Travel
and,Travel
travelling,Travel
is,Travel
a,Travel
lot,Travel
of,Travel
work.,Travel
And,Travel
to,Travel
keep,Travel
up,Travel
in,Travel
the,Travel
competitive,Travel
travel,Travel
"niche,",Travel
you,Travel
have,Travel
to,Travel
create,Travel
engaging,Travel
travel,Travel
post,Travel
ideas,Travel
to,Travel
solve,Travel
your,Travel
readers,Travel
problems.How,Travel
do,Travel
you,Travel
keep,Travel
delivering,Travel
relevant,Travel
and,Travel
useful,Travel
travel,Travel
information,Travel
that,Travel
ll,Travel
delight,Travel
your,Travel
readers?,Travel
And,Travel
where,Travel
do,Travel
you,Travel
find,Travel
new,Travel
travel,Travel
blog,Travel
ideas?,Travel
If,Travel
you,Travel
re,Travel
a,Travel
travel,Travel
blogger,Travel
looking,Travel
for,Travel
ideas,Travel
for,Travel
your,Travel
next,Travel
travel,Travel
blog,Travel
"post,",Travel
look,Travel
no,Travel
further.Readers,Travel
are,Travel
always,Travel
looking,Travel
for,Travel
useful,Travel
travel,Travel
tips.,Travel
Be,Travel
it,Travel
planning,Travel
"activities,",Travel
choosing,Travel
a,Travel
hotel,Travel
to,Travel
"book,",Travel
or,Travel
coming,Travel
up,Travel
with,Travel
a,Travel
trip,Travel
"budget,",Travel
you,Travel
ll,Travel
find,Travel
endless,Travel
travel,Travel
blogging,Travel
ideas,Travel
right,Travel
here.,Travel
And,Travel
by,Travel
using,Travel
the,Travel
right,Travel
travel,Travel
keywords,Travel
for,Travel
your,Travel
blog,Travel
"post,",Travel
you,Travel
ll,Travel
help,Travel
people,Travel
find,Travel
your,Travel
travel,Travel
content,Travel
online,Travel
much,Travel
easier,Travel
through,Travel
search,Travel
engine,Travel
optimisation.Travel,Travel
Blog,Travel
Post,Travel
Ideas.We,Travel
ve,Travel
done,Travel
many,Travel
content,Travel
mines,Travel
to,Travel
find,Travel
endless,Travel
topics,Travel
for,Travel
our,Travel
clients,Travel
to,Travel
"write,",Travel
and,Travel
we,Travel
thought,Travel
we,Travel
would,Travel
generously,Travel
share,Travel
some,Travel
of,Travel
the,Travel
most,Travel
popular,Travel
ones.Without,Travel
further,Travel
"ado,",Travel
here,Travel
are,Travel
ideas,Travel
for,Travel
travel,Travel
blog,Travel
posts,Travel
to,Travel
go,Travel
on,Travel
your,Travel
website.How,Travel
To,Travel
Save,Travel
Money,Travel
for,Travel
a,Travel
Trip.Image,Travel
of,Travel
man,Travel
and,Travel
woman,Travel
saving,Travel
money,Travel
in,Travel
jars.Ask,Travel
anyone,Travel
who,Travel
d,Travel
love,Travel
to,Travel
go,Travel
on,Travel
a,Travel
trip,Travel
to,Travel
get,Travel
away,Travel
from,Travel
it,Travel
"all,",Travel
and,Travel
they,Travel
ll,Travel
tell,Travel
you,Travel
they,Travel
d,Travel
love,Travel
"to,",Travel
but,Travel
they,Travel
don,Travel
t,Travel
have,Travel
the,Travel
money,Travel
for,Travel
it.,Travel
Your,Travel
readers,Travel
most,Travel
likely,Travel
have,Travel
the,Travel
same,Travel
issue,Travel
too.Take,Travel
the,Travel
opportunity,Travel
to,Travel
write,Travel
a,Travel
blog,Travel
post,Travel
with,Travel
money-saving,Travel
tips,Travel
for,Travel
people,Travel
planning,Travel
a,Travel
trip.,Travel
Include,Travel
"valuable,",Travel
actionable,Travel
information,Travel
on,Travel
how,Travel
to,Travel
save,Travel
money,Travel
to,Travel
make,Travel
the,Travel
most,Travel
of,Travel
their,Travel
adventure.Tips,Travel
on,Travel
Booking,Travel
Cheap,Travel
Flights.Speaking,Travel
of,Travel
saving,Travel
"money,",Travel
you,Travel
could,Travel
write,Travel
about,Travel
finding,Travel
cheap,Travel
flights.,Travel
Share,Travel
knowledge,Travel
on,Travel
how,Travel
far,Travel
out,Travel
to,Travel
book,Travel
flights,Travel
and,Travel
which,Travel
websites,Travel
to,Travel
use,Travel
for,Travel
the,Travel
best,Travel
deals.,Travel
"Also,",Travel
write,Travel
about,Travel
seasonal,Travel
travel,Travel
and,Travel
when,Travel
flights,Travel
are,Travel
their,Travel
cheapest,Travel
(or,Travel
most,Travel
expensive).Travel,Travel
Essentials,Travel
to,Travel
Pack,Travel
on,Travel
Your,Travel
Trip.Image,Travel
of,Travel
woman,Travel
and,Travel
first,Travel
aid,Travel
kit,Travel
items.There,Travel
are,Travel
some,Travel
travel,Travel
basics,Travel
one,Travel
needs,Travel
to,Travel
pack,Travel
for,Travel
a,Travel
trip.,Travel
While,Travel
"sunscreen,",Travel
a,Travel
sun,Travel
"hat,",Travel
and,Travel
some,Travel
shades,Travel
are,Travel
ideal,Travel
for,Travel
beach,Travel
"hopping,",Travel
that,Travel
s,Travel
not,Travel
all,Travel
one,Travel
needs.,Travel
And,Travel
that,Travel
s,Travel
where,Travel
your,Travel
travel,Travel
blog,Travel
comes,Travel
in.You,Travel
can,Travel
write,Travel
about,Travel
the,Travel
essentials,Travel
your,Travel
readers,Travel
need,Travel
to,Travel
pack,Travel
for,Travel
every,Travel
trip.,Travel
Or,Travel
get,Travel
into,Travel
specifics.,Travel
This,Travel
means,Travel
writing,Travel
about,Travel
what,Travel
to,Travel
pack,Travel
for,Travel
a,Travel
hike,Travel
out,Travel
in,Travel
a,Travel
national,Travel
park.,Travel
Things,Travel
like,Travel
a,Travel
first,Travel
aid,Travel
"kit,",Travel
salty,Travel
"snacks,",Travel
and,Travel
a,Travel
torch,Travel
come,Travel
in,Travel
handy.A,Travel
packing,Travel
"list,",Travel
like,Travel
ÂWhat,Travel
to,Travel
Pack,Travel
for,Travel
a,Travel
Winter,Travel
Adventure,Travel
in,Travel
"Switzerland,Â",Travel
will,Travel
attract,Travel
a,Travel
very,Travel
different,Travel
audience,Travel
than,Travel
a,Travel
general,Travel
travel,Travel
essentials,Travel
guide.,Travel
Either,Travel
"way,",Travel
you,Travel
ll,Travel
serve,Travel
up,Travel
a,Travel
travel,Travel
blog,Travel
that,Travel
ll,Travel
answer,Travel
their,Travel
question.The,Travel
Best,Travel
Time,Travel
to,Travel
Visit,Travel
a,Travel
"Destination.Sometimes,",Travel
people,Travel
know,Travel
where,Travel
they,Travel
want,Travel
to,Travel
go,Travel
for,Travel
their,Travel
upcoming,Travel
trip.,Travel
They,Travel
may,Travel
even,Travel
have,Travel
an,Travel
idea,Travel
of,Travel
when,Travel
to,Travel
"visit,",Travel
but,Travel
they,Travel
need,Travel
a,Travel
bit,Travel
of,Travel
guidance.,Travel
And,Travel
you,Travel
re,Travel
here,Travel
to,Travel
provide,Travel
just,Travel
that.,Travel
You,Travel
can,Travel
write,Travel
a,Travel
travel,Travel
blog,Travel
post,Travel
on,Travel
the,Travel
best,Travel
time,Travel
to,Travel
visit,Travel
a,Travel
specific,Travel
destination.Ensure,Travel
this,Travel
includes,Travel
information,Travel
that,Travel
caters,Travel
to,Travel
different,Travel
travellers,Travel
those,Travel
that,Travel
prefer,Travel
off-peak,Travel
seasons,Travel
with,Travel
fewer,Travel
crowds,Travel
and,Travel
those,Travel
that,Travel
don,Travel
t,Travel
mind,Travel
the,Travel
buzz,Travel
of,Travel
peak,Travel
tourist,Travel
season.What,Travel
to,Travel
Wear,Travel
When,Travel
Visiting,Travel
a,Travel
Travel,Travel
Destination.Much,Travel
like,Travel
different,Travel
occasions,Travel
call,Travel
for,Travel
specific,Travel
"attire,",Travel
so,Travel
do,Travel
certain,Travel
travel,Travel
destinations.,Travel
Someone,Travel
planning,Travel
a,Travel
hiking,Travel
trip,Travel
wouldn,Travel
t,Travel
wear,Travel
the,Travel
same,Travel
clothing,Travel
when,Travel
partying,Travel
it,Travel
up,Travel
in,Travel
Ibiza.,Travel
